Call  Failure,Complains,Subscription  Length,Charge  Amount,Seconds of Use,Frequency of use,Frequency of SMS,Distinct Called Numbers,Age Group,Tariff Plan,Status,Age,Customer Value,Churn
3,0,36,0,4065,65,0,15,2,1,1,25,185.85,0
0,0,37,0,0,0,0,0,2,1,2,25,0.0,0
5,0,35,0,2148,54,352,22,2,1,1,25,1683.09,0
5,0,36,0,3893,60,0,33,1,1,1,15,217.415,0
0,0,36,0,2088,52,0,31,1,1,1,15,117.7,0
6,0,36,0,3470,76,25,26,2,1,1,25,272.07,0
0,0,36,0,2055,33,278,16,3,1,1,30,1195.52,0
8,0,35,1,8810,115,137,41,3,1,1,30,905.0,0
2,0,36,0,13468,163,0,42,3,1,1,30,545.24,0
2,0,36,0,4210,77,0,23,3,1,1,30,171.48,0
1,0,36,0,5613,89,0,10,2,1,1,25,256.59,0
4,0,36,0,1933,48,1,15,3,1,2,30,83.24,0
20,0,36,2,14835,219,47,30,3,1,1,30,790.16,0
0,0,36,0,2790,21,476,6,3,1,1,30,2016.44,0
4,0,35,0,15180,176,143,28,2,1,1,25,1334.52,0
0,0,35,0,6195,80,179,24,3,1,1,30,967.0,0
0,0,35,0,570,8,0,9,2,1,2,25,26.01,0
0,0,36,0,405,8,6,6,2,1,2,25,45.585,0
0,0,35,0,0,0,0,0,2,1,2,25,0.0,1
0,0,35,0,7203,121,377,41,2,1,1,25,2026.08,0
2,0,35,0,11160,148,4,45,3,1,1,30,468.32,0
3,0,35,0,6413,69,101,35,2,1,1,25,746.19,0
18,0,31,0,650,41,9,15,2,1,2,25,71.595,1
16,0,34,7,10130,87,0,40,4,1,1,45,255.425,0
8,1,34,0,5513,92,19,22,2,1,1,25,337.725,1
0,0,32,0,2535,16,0,12,3,1,1,30,102.04,0
4,0,33,0,2685,35,2,14,2,1,2,25,131.4,1
4,0,34,0,1963,38,27,29,3,1,2,30,188.04,1
0,1,34,0,0,0,0,0,3,1,2,30,0.0,1
0,0,34,0,1363,19,0,4,3,1,1,30,55.28,0
0,0,31,0,6480,91,7,20,4,1,1,45,181.775,0
0,0,34,0,323,1,2,2,4,1,2,45,13.1,1
0,0,34,0,0,0,0,0,5,1,1,55,0.0,0
20,0,29,2,15770,232,0,78,2,1,1,25,720.09,0
1,0,32,2,6660,110,264,31,2,2,1,25,1492.65,0
0,0,34,0,3413,76,0,26,2,1,1,25,157.005,0
0,0,33,0,1360,38,31,18,3,1,2,30,179.92,0
1,0,34,0,2475,47,168,21,2,1,1,25,869.49,0
0,1,25,0,1010,30,186,9,2,2,1,25,883.8,1
0,0,24,0,1263,33,23,66,4,1,1,45,89.9,0
6,0,25,0,395,19,3,5,2,1,2,25,32.13,0
0,0,24,0,520,4,14,1,4,1,2,45,48.1,0
5,0,23,0,920,26,12,11,2,1,1,25,96.57,0
0,0,23,0,2920,55,1,21,3,1,1,30,123.0,0
0,0,16,0,1390,20,21,12,2,1,1,25,157.95,0
11,0,15,0,6088,135,78,40,1,2,1,15,771.265,0
7,0,13,0,8628,165,66,38,4,1,1,45,384.825,0
3,0,14,2,2548,39,24,17,3,1,1,30,199.48,0
0,0,7,0,4085,34,208,8,3,1,1,30,996.76,0
0,1,7,0,1183,13,0,5,2,1,2,25,53.82,1
6,0,38,0,4125,68,3,17,2,1,1,25,202.185,0
0,0,39,0,73,2,5,4,2,1,1,25,25.875,0
8,0,37,0,2208,57,357,24,2,1,1,25,1708.425,0
8,0,38,0,3953,63,0,35,1,1,1,15,220.88,0
1,0,38,0,2148,55,0,33,1,1,1,15,121.165,0
9,0,38,1,3530,79,30,28,3,1,1,30,264.36,0
2,0,38,0,2115,36,283,18,3,1,1,30,1218.04,0
11,0,37,2,8870,118,142,43,3,1,1,30,927.52,0
5,0,38,0,13528,166,0,44,3,1,1,30,547.76,0
5,0,38,1,4270,80,0,25,3,1,1,30,174.0,0
4,0,38,0,5673,92,5,12,2,1,1,25,281.925,0
7,0,38,0,1993,51,6,17,3,1,1,30,105.76,0
23,0,38,3,14895,222,52,32,3,1,1,30,812.68,0
2,0,38,1,2850,24,481,8,3,1,1,30,2038.96,0
7,0,37,0,15240,179,148,30,2,1,1,25,1359.855,0
1,0,37,1,6255,83,184,26,3,1,1,30,989.52,0
0,0,37,0,630,11,0,11,2,1,1,25,28.845,0
0,0,38,0,465,11,11,8,2,1,1,25,70.92,0
0,0,37,0,0,0,0,0,2,1,1,25,0.0,1
1,0,37,0,7263,124,382,43,2,1,1,25,2051.415,0
5,0,37,1,11220,151,9,47,3,1,1,30,490.84,0
6,0,37,1,6473,72,106,37,2,1,1,25,771.525,0
21,1,33,0,710,44,14,17,2,1,1,25,96.93,1
19,0,36,8,10190,90,0,42,4,1,1,45,257.0,0
11,1,36,1,5573,95,24,24,2,1,1,25,363.06,1
0,0,34,0,2595,19,0,14,3,1,1,30,104.56,0
7,0,35,0,2745,38,7,16,3,1,1,30,139.32,1
7,1,36,0,2023,41,32,31,3,1,1,30,210.56,1
0,0,36,0,0,0,0,0,3,1,1,30,0.0,1
0,0,36,0,1423,22,0,6,3,1,1,30,57.8,0
1,0,33,1,6540,94,12,22,4,1,1,45,195.85,0
0,0,36,0,383,4,7,4,4,1,1,45,27.175,1
0,0,36,1,93,1,2,2,5,1,1,55,4.41,0
23,0,31,3,15830,235,0,80,2,1,1,25,722.925,0
4,0,34,3,6720,113,269,33,2,2,1,25,1517.985,0
0,0,36,0,3473,79,0,28,2,1,1,25,159.84,0
1,0,35,0,1420,41,36,20,3,1,1,30,202.44,0
4,0,36,0,2535,50,173,23,2,1,1,25,894.825,0
2,1,27,1,1070,33,191,11,2,2,1,25,909.135,0
2,0,26,0,1323,36,28,68,4,1,1,45,103.975,0
9,0,27,0,455,22,8,7,2,1,1,25,57.465,0
0,0,26,0,580,7,19,3,4,1,1,45,62.175,0
8,0,25,0,980,29,17,13,2,1,1,25,121.905,0
0,0,25,0,2980,58,6,23,3,1,1,30,145.52,0
0,0,18,0,1450,23,26,14,2,1,1,25,183.285,0
14,1,17,1,6148,138,83,42,1,2,1,15,802.23,0
10,0,15,0,8688,168,71,40,4,1,1,45,398.9,0
6,0,16,3,2608,42,29,19,3,1,1,30,222.0,0
0,0,9,1,4145,37,213,10,3,1,1,30,1019.28,0
1,1,9,1,1243,16,0,7,3,1,1,30,50.36,1
0,0,34,0,4005,62,0,13,2,1,1,25,183.015,0
0,0,35,0,0,0,0,0,2,1,2,25,0.0,0
2,0,33,0,2088,51,347,20,2,1,1,25,1657.755,0
2,0,34,0,3833,57,0,31,2,1,1,25,175.05,0
0,0,34,0,2028,49,0,29,1,1,1,15,114.235,0
3,0,34,0,3410,73,20,24,2,1,1,25,246.735,0
0,0,34,0,1995,30,273,14,3,1,1,30,1173.0,0
5,0,33,0,8750,112,132,39,3,1,1,30,882.48,0
0,0,34,0,13408,160,0,40,3,1,1,30,542.72,0
0,0,34,0,4150,74,0,21,3,1,1,30,168.96,0
0,0,34,0,5553,86,0,8,2,1,1,25,253.755,0
1,0,34,0,1873,45,0,13,3,1,2,30,76.72,0
17,0,34,1,14775,216,42,28,2,1,1,25,863.595,0
0,0,34,0,2730,18,471,4,3,1,1,30,1993.92,0
1,0,33,0,15120,173,138,26,2,1,1,25,1309.185,0
0,0,33,0,6135,77,174,22,3,1,1,30,944.48,0
0,0,33,0,510,5,0,7,2,1,2,25,23.175,0
0,0,34,0,345,5,1,4,2,1,2,25,20.25,0
0,0,33,0,0,0,0,0,2,1,2,25,0.0,1
0,0,33,0,7143,118,372,39,2,1,1,25,2000.745,0
0,0,33,0,11100,145,0,43,3,1,1,30,449.8,0
0,0,33,0,6353,66,96,33,2,1,1,25,720.855,0
15,0,29,0,590,38,4,13,2,1,2,25,46.26,1
13,0,32,6,10070,84,0,38,4,1,1,45,253.85,0
5,1,32,0,5453,89,14,20,2,1,1,25,312.39,1
0,0,30,0,2475,13,0,10,3,1,1,30,99.52,0
1,1,31,0,2625,32,0,12,2,1,2,25,119.565,1
1,0,32,0,1903,35,22,27,3,1,2,30,165.52,1
0,1,32,0,0,0,0,0,2,1,2,25,0.0,1
0,0,32,0,1303,16,0,2,3,1,1,30,52.76,0
0,0,29,0,6420,88,2,18,4,1,1,45,167.7,0
0,0,32,0,263,1,0,1,3,1,2,30,10.56,1
0,0,32,0,0,0,0,0,4,1,1,45,0.0,0
17,0,27,1,15710,229,0,76,2,1,1,25,717.255,0
0,0,30,1,6600,107,259,29,2,2,1,25,1467.315,0
0,0,32,0,3353,73,0,24,2,1,1,25,154.17,0
0,0,31,0,1300,35,26,16,3,1,2,30,157.4,0
0,0,32,0,2415,44,163,19,2,1,1,25,844.155,0
0,0,23,0,950,27,181,7,2,2,1,25,858.465,0
0,0,22,0,1203,30,18,64,4,1,1,45,75.825,0
3,0,23,0,335,16,0,3,2,1,2,25,15.795,0
0,0,22,0,0,0,9,0,4,1,2,45,22.5,0
2,0,21,0,860,23,7,9,2,1,1,25,71.235,0
0,0,21,0,2860,52,0,19,3,1,1,30,116.48,0
0,0,14,0,1330,17,16,10,2,1,1,25,132.615,0
8,0,13,0,6028,132,73,38,1,2,1,15,740.3,0
4,0,11,0,8568,162,61,36,4,1,1,45,370.75,0
0,0,12,1,2488,36,19,15,3,1,1,30,176.96,0
0,0,5,0,4025,31,203,6,3,1,1,30,974.24,0
0,1,5,0,1123,10,0,3,2,1,2,25,50.985,1
4,0,40,0,4145,67,8,19,2,1,1,25,225.54,0
0,0,41,0,93,1,10,6,2,1,2,25,49.23,0
6,0,39,0,2228,56,362,26,2,1,1,25,1731.78,0
6,0,40,0,3973,62,4,37,2,1,1,25,199.575,0
0,0,40,0,2168,54,5,35,1,1,1,15,149.71,0
7,0,40,1,3550,78,35,30,3,1,1,30,285.12,0
0,0,40,0,2135,35,288,20,3,1,1,30,1238.8,0
9,0,39,2,8890,117,147,45,3,1,1,30,948.28,0
3,0,40,0,13548,165,3,46,3,1,1,30,560.52,0
3,0,40,1,4290,79,5,27,3,1,1,30,194.76,0
2,0,40,0,5693,91,10,14,2,1,1,25,305.28,0
5,0,40,0,2013,50,11,19,3,1,2,30,126.52,0
21,0,40,3,14915,221,57,34,3,1,1,30,833.44,0
0,0,40,1,2870,23,486,10,3,1,1,30,2059.72,0
5,0,39,0,15260,178,153,32,2,1,1,25,1383.21,0
0,0,39,1,6275,82,189,28,3,1,1,30,1010.28,0
0,0,39,0,650,10,3,13,2,1,2,25,43.2,0
0,0,40,0,485,10,16,10,2,1,2,25,94.275,0
0,0,39,0,0,0,3,0,2,1,2,25,13.5,1
0,0,39,0,7283,123,387,45,2,1,1,25,2074.77,0
3,0,39,1,11240,150,14,49,3,1,1,30,511.6,0
4,0,39,1,6493,71,111,39,2,1,1,25,794.88,0
19,0,35,0,730,43,19,19,2,1,2,25,120.285,1
17,0,38,8,10210,89,4,44,4,2,1,45,267.475,0
9,0,38,1,5593,94,29,26,2,1,1,25,386.415,1
0,0,36,0,2615,18,3,16,3,1,1,30,117.32,0
5,1,37,0,2765,37,12,18,2,1,2,25,180.09,1
5,0,38,0,2043,40,37,33,3,1,2,30,231.32,1
0,0,38,0,0,0,3,0,3,1,2,30,12.0,1
0,0,38,0,1443,21,3,8,3,1,1,30,70.56,0
0,0,35,1,6560,93,17,24,4,1,1,45,208.825,0
0,1,38,0,403,3,12,6,4,1,2,45,40.15,1
0,0,38,1,0,0,7,0,5,1,1,55,10.5,0
21,0,33,3,15850,234,3,82,2,1,1,25,737.28,0
2,0,36,3,6740,112,274,35,2,2,1,25,1541.34,0
0,0,38,0,3493,78,5,30,2,1,1,25,183.195,0
0,0,37,0,1440,40,41,22,3,1,2,30,223.2,0
2,0,38,0,2555,49,178,25,2,1,1,25,918.18,0
0,0,29,1,1090,32,196,13,2,2,1,25,932.49,0
0,0,28,0,1343,35,33,70,4,1,1,45,116.95,0
7,0,29,0,475,21,13,9,2,1,2,25,80.82,0
0,0,28,0,600,6,24,5,4,1,2,45,75.15,0
6,0,27,0,1000,28,22,15,2,1,1,25,145.26,0
0,0,27,0,3000,57,11,25,3,1,1,30,166.28,0
0,0,20,0,1470,22,31,16,2,1,1,25,206.64,0
12,0,19,1,6168,137,88,44,1,2,1,15,830.775,0
8,0,17,0,8708,167,76,42,4,1,1,45,411.875,0
4,0,18,3,2628,41,34,21,3,1,1,30,242.76,0
0,0,11,1,4165,36,218,12,3,1,1,30,1040.04,0
0,1,11,1,1263,15,3,9,3,1,1,30,63.12,1
2,0,32,0,3985,63,0,11,2,1,1,25,182.16,0
0,0,33,0,0,0,0,0,2,1,2,25,0.0,0
4,0,31,0,2068,52,342,18,2,1,1,25,1634.4,0
4,0,32,0,3813,58,0,29,1,1,1,15,212.905,0
0,0,32,0,2008,50,0,27,1,1,1,15,113.19,0
5,0,32,0,3390,74,15,22,2,1,1,25,223.38,0
0,0,32,0,1975,31,268,12,3,1,1,30,1152.24,0
7,0,31,0,8730,113,127,37,3,1,1,30,861.72,0
1,0,32,0,13388,161,0,38,3,1,1,30,541.96,0
1,0,32,0,4130,75,0,19,3,1,1,30,168.2,0
0,0,32,0,5533,87,0,6,2,1,1,25,252.9,0
3,0,32,0,1853,46,0,11,3,1,2,30,75.96,0
19,0,32,1,14755,217,37,26,3,1,1,30,746.88,0
0,0,32,0,2710,19,466,2,3,1,1,30,1973.16,0
3,0,31,0,15100,174,133,24,2,1,1,25,1285.83,0
0,0,31,0,6115,78,169,20,3,1,1,30,923.72,0
0,0,31,0,490,6,0,5,2,1,2,25,22.32,0
0,0,32,0,325,6,0,2,2,1,2,25,14.895,0
0,0,31,0,0,0,0,0,2,1,2,25,0.0,1
0,0,31,0,7123,119,367,37,2,1,1,25,1977.39,0
1,0,31,0,11080,146,0,41,3,1,1,30,449.04,0
2,0,31,0,6333,67,91,31,2,1,1,25,697.5,0
17,0,27,0,570,39,0,11,2,1,2,25,27.405,1
15,0,30,6,10050,85,0,36,4,1,1,45,253.375,0
7,0,30,0,5433,90,9,18,2,1,1,25,289.035,1
0,0,28,0,2455,14,0,8,3,1,1,30,98.76,0
3,1,29,0,2605,33,0,10,2,1,2,25,118.71,1
3,0,30,0,1883,36,17,25,3,1,2,30,144.76,1
0,0,30,0,0,0,0,0,2,1,2,25,0.0,1
0,0,30,0,1283,17,0,5,3,1,1,30,52.0,0
0,0,27,0,6400,89,0,16,4,1,1,45,162.225,0
0,1,30,0,0,0,0,0,4,1,2,45,0.0,1
0,0,30,0,0,0,0,0,4,1,1,45,0.0,0
19,0,25,1,15690,230,0,74,2,1,1,25,716.4,0
0,0,28,1,6580,108,254,27,2,2,1,25,1443.96,0
0,0,30,0,3333,74,0,22,2,1,1,25,153.315,0
0,0,29,0,1280,36,21,14,3,1,2,30,136.64,0
0,0,30,0,2395,45,158,17,2,1,1,25,820.8,0
0,0,21,0,930,28,176,5,2,2,1,25,835.11,0
0,0,20,0,1183,31,13,62,4,1,1,45,62.85,0
5,0,21,0,315,17,0,1,2,1,2,25,14.94,0
0,0,20,0,0,0,4,0,4,1,2,45,10.0,0
4,0,19,0,840,24,2,7,2,1,1,25,47.88,0
0,0,19,0,2840,53,0,17,3,1,1,30,115.72,0
0,0,12,0,1310,18,11,8,2,1,1,25,109.26,0
10,0,11,0,6008,133,68,36,1,2,1,15,711.755,0
6,0,9,0,8548,163,56,34,4,1,1,45,357.775,0
2,0,10,1,2468,37,14,13,3,1,1,30,156.2,0
0,0,3,0,4005,32,198,4,3,1,1,30,953.48,0
0,0,3,0,1103,11,0,1,2,1,1,25,50.13,1
8,0,42,0,4325,75,13,21,3,1,1,30,228.0,0
0,0,43,0,273,9,15,8,2,1,2,25,80.19,0
10,0,41,0,2408,64,367,28,3,1,1,30,1566.88,0
10,0,42,0,4153,70,9,39,1,1,1,15,281.765,0
3,0,42,0,2348,62,10,37,1,1,1,15,187.55,0
11,0,42,1,3730,86,40,32,3,1,1,30,312.64,0
4,0,42,0,2315,43,293,22,3,1,1,30,1266.32,0
13,0,41,2,9070,125,152,47,3,1,1,30,975.8,0
7,0,42,0,13728,173,8,48,3,1,1,30,588.04,0
7,0,42,1,4470,87,10,29,3,1,1,30,222.28,0
6,0,42,0,5873,99,15,16,3,1,1,30,298.88,0
9,1,42,0,2193,58,16,21,3,1,2,30,154.04,0
25,0,42,3,15095,229,62,36,3,1,1,30,860.96,0
4,0,42,1,3050,31,491,12,3,1,1,30,2087.24,0
9,0,41,0,15440,186,158,34,2,1,1,25,1414.17,0
3,0,41,1,6455,90,194,30,3,1,1,30,1037.8,0
0,0,41,0,830,18,8,15,2,1,2,25,74.16,0
2,0,42,0,665,18,21,12,3,1,2,30,111.32,0
0,0,41,0,0,0,8,0,2,1,2,25,36.0,1
3,0,41,0,7463,131,392,47,2,1,1,25,2105.73,0
7,0,41,1,11420,158,19,51,4,1,1,45,336.95,0
8,0,41,1,6673,79,116,41,2,1,1,25,825.84,0
23,1,37,0,910,51,24,21,2,1,2,25,151.245,1
21,1,40,8,10390,97,9,46,5,2,1,55,170.805,0
13,0,40,1,5773,102,34,28,2,1,1,25,417.375,0
1,0,38,0,2795,26,8,18,3,1,1,30,144.84,0
9,1,39,0,2945,45,17,20,3,1,2,30,187.6,1
9,0,40,0,2223,48,42,35,3,1,2,30,258.84,1
0,0,40,0,88,6,8,6,3,1,2,30,35.76,1
1,0,40,0,1623,29,8,10,3,1,1,30,98.08,0
3,0,37,1,6740,101,22,26,5,1,1,55,135.615,0
0,1,40,0,583,11,17,8,4,1,2,45,57.35,1
0,0,40,1,293,8,12,6,5,1,1,55,22.515,0
25,0,35,3,16030,242,8,84,2,1,1,25,768.24,0
6,0,38,3,6920,120,279,37,2,2,1,25,1572.3,0
2,0,40,0,3673,86,10,32,2,1,1,25,214.155,0
3,0,39,0,1620,48,46,24,3,1,2,30,250.72,0
6,0,40,0,2735,57,183,27,2,1,1,25,949.14,0
4,0,31,1,1270,40,201,15,2,2,1,25,963.45,0
4,0,30,0,1523,43,38,72,4,1,1,45,134.15,0
11,0,31,0,655,29,18,11,2,1,2,25,111.78,0
0,0,30,0,780,14,29,7,4,1,2,45,92.35,0
10,0,29,0,1180,36,27,17,2,1,1,25,176.22,0
2,0,29,0,3180,65,16,27,3,1,1,30,193.8,0
2,0,22,0,1650,30,36,18,2,1,1,25,237.6,0
16,0,21,1,6348,145,93,46,2,2,1,25,710.685,0
12,0,19,0,8888,175,81,44,4,1,1,45,429.075,0
8,0,20,3,2808,49,39,23,3,1,1,30,270.28,0
2,0,13,1,4345,44,223,14,3,1,1,30,1067.56,0
3,0,13,1,1443,23,8,11,3,1,1,30,90.64,1
0,0,30,0,3805,55,0,9,2,1,1,25,173.7,0
0,0,31,0,0,0,0,0,2,1,2,25,0.0,0
0,0,29,0,1888,44,337,16,2,1,1,25,1603.44,0
0,0,30,0,3633,50,0,27,1,1,1,15,202.565,0
0,0,30,0,1828,42,0,25,1,1,1,15,102.85,0
1,0,30,0,3210,66,10,20,2,1,1,25,192.42,0
0,0,30,0,1795,23,263,10,3,1,1,30,1124.72,0
3,0,29,0,8550,105,122,35,3,1,1,30,834.2,0
0,0,30,0,13208,153,0,36,3,1,1,30,534.44,0
0,0,30,0,3950,67,0,17,3,1,1,30,160.68,0
0,0,30,0,5353,79,0,4,2,1,1,25,244.44,0
0,0,30,0,1673,38,0,9,3,1,2,30,68.44,0
15,0,30,1,14575,209,32,24,2,1,1,25,809.28,0
0,0,30,0,2530,11,461,7,3,1,1,30,1945.64,0
0,0,29,0,14920,166,128,22,2,1,1,25,1254.87,0
0,0,29,0,5935,70,164,18,3,1,1,30,896.2,0
0,0,29,0,0,0,0,0,2,1,2,25,0.0,0
0,0,30,0,0,0,0,0,2,1,2,25,0.0,0
0,0,29,0,0,0,0,0,2,1,2,25,0.0,1
0,0,29,0,6943,111,362,35,2,1,1,25,1946.43,0
0,0,29,0,10900,138,0,39,3,1,1,30,441.52,0
0,0,29,0,6153,59,86,29,2,1,1,25,666.54,0
13,1,25,0,390,31,0,9,2,1,2,25,18.945,1
11,0,28,6,9870,77,0,34,4,2,1,45,248.675,0
3,0,28,0,5253,82,4,16,2,1,1,25,258.075,1
0,0,26,0,2275,6,0,6,3,1,1,30,91.24,0
0,1,27,0,2425,25,0,8,2,1,2,25,110.25,1
0,1,28,0,1703,28,12,23,3,1,2,30,117.24,1
0,0,28,0,0,0,0,0,2,1,2,25,0.0,1
0,0,28,0,0,0,0,0,3,1,1,30,0.0,0
0,0,25,0,6220,81,0,14,4,1,1,45,157.525,0
0,0,28,0,0,0,0,0,3,1,2,30,0.0,1
0,1,28,0,0,0,0,0,4,1,1,45,0.0,1
15,0,23,1,15510,222,0,72,2,1,1,25,707.94,0
0,0,26,1,6400,100,249,25,2,2,1,25,1413.0,0
0,0,28,0,3153,66,0,20,2,1,1,25,144.855,0
0,0,27,0,1100,28,16,12,3,1,2,30,109.12,0
0,0,28,0,2215,37,153,15,2,1,1,25,789.84,0
0,0,19,0,750,20,171,3,2,2,1,25,804.15,0
0,0,18,0,1003,23,8,60,4,1,1,45,45.65,0
0,0,19,0,0,0,0,0,2,1,2,25,0.0,0
0,0,18,0,0,0,0,0,4,1,2,45,0.0,0
0,0,17,0,660,16,0,5,2,1,1,25,30.42,0
0,0,17,0,2660,45,0,15,3,1,1,30,108.2,0
0,0,10,0,1130,10,6,6,2,1,1,25,78.3,0
6,0,9,0,5828,125,63,34,1,2,1,15,673.915,0
2,0,7,0,8368,155,51,32,4,1,1,45,340.575,0
0,0,8,1,2288,29,9,11,3,1,1,30,128.68,0
0,0,3,0,3825,24,193,2,2,1,1,25,1041.705,0
0,0,3,0,0,0,0,0,2,1,1,25,0.0,1
5,0,39,0,4245,73,9,20,2,1,1,25,234.81,0
0,0,40,0,193,7,11,7,2,1,2,25,58.5,0
7,0,38,0,2328,62,363,27,2,1,1,25,1741.05,0
7,0,39,0,4073,68,5,38,1,1,1,15,255.255,0
0,0,39,0,2268,60,6,36,1,1,1,15,161.04,0
8,0,39,0,3650,84,36,31,2,1,1,25,330.03,0
1,0,39,0,2235,41,289,21,3,1,1,30,1247.04,0
10,0,38,1,8990,123,148,46,3,1,1,30,956.52,0
4,0,39,0,13648,171,4,47,3,1,1,30,568.76,0
4,0,39,0,4390,85,6,28,3,1,1,30,203.0,0
3,0,39,0,5793,97,11,15,2,1,1,25,314.55,0
6,0,39,0,2113,56,12,20,3,1,2,30,134.76,0
22,0,39,2,15015,227,58,35,3,1,1,30,841.68,0
1,0,39,0,2970,29,487,11,3,1,1,30,2067.96,0
6,0,38,0,15360,184,154,33,2,1,1,25,1392.48,0
0,0,38,0,6375,88,190,29,3,1,1,30,1018.52,0
0,0,38,0,750,16,4,14,2,1,2,25,52.47,0
0,0,39,0,585,16,17,11,2,1,2,25,103.545,0
0,0,38,0,0,0,4,0,2,1,2,25,18.0,1
0,0,38,0,7383,129,388,46,2,1,1,25,2084.04,0
4,0,38,0,11340,156,15,50,3,1,1,30,519.84,0
5,0,38,0,6593,77,112,40,2,1,1,25,804.15,0
20,1,34,0,830,49,20,20,2,1,2,25,129.555,1
18,0,37,7,10310,95,5,45,4,2,1,45,272.625,0
10,0,37,0,5693,100,30,27,2,1,1,25,395.685,1
0,0,35,0,2715,24,4,17,3,1,1,30,125.56,0
6,1,36,0,2865,43,13,19,2,1,2,25,189.36,1
6,1,37,0,2143,46,38,34,3,1,2,30,239.56,1
0,0,37,0,8,4,4,5,3,1,2,30,16.48,1
0,0,37,0,1543,27,4,9,3,1,1,30,78.8,0
0,0,34,0,6660,99,18,25,4,1,1,45,213.975,0
0,1,37,0,503,9,13,7,4,1,2,45,45.3,1
0,0,37,0,213,6,8,5,5,1,1,55,15.285,0
22,0,32,2,15950,240,4,83,2,1,1,25,746.55,0
3,0,35,2,6840,118,275,36,2,2,1,25,1550.61,0
0,0,37,0,3593,84,6,31,2,1,1,25,192.465,0
0,0,36,0,1540,46,42,23,3,1,2,30,231.44,0
3,0,37,0,2655,55,179,26,2,1,1,25,927.45,0
1,0,28,0,1190,38,197,14,2,2,1,25,941.76,0
1,0,27,0,1443,41,34,71,4,1,1,45,122.1,0
8,0,28,0,575,27,14,10,2,1,2,25,90.09,0
0,0,27,0,700,12,25,6,4,1,2,45,80.3,0
7,0,26,0,1100,34,23,16,2,1,1,25,154.53,0
0,0,26,0,3100,63,12,26,3,1,1,30,174.52,0
0,0,19,0,1570,28,32,17,2,1,1,25,215.91,0
13,0,18,0,6268,143,89,45,1,2,1,15,842.105,0
9,0,16,0,8808,173,77,43,4,1,1,45,417.025,0
5,0,17,2,2728,47,35,22,3,1,1,30,251.0,0
0,0,10,0,4265,42,219,13,3,1,1,30,1048.28,0
0,1,10,0,1363,21,4,10,2,1,1,25,80.28,1
1,0,33,0,3885,57,0,10,2,1,1,25,177.39,0
0,0,34,0,0,0,0,0,2,1,2,25,0.0,0
3,0,32,0,1968,46,341,17,2,1,1,25,1625.13,0
3,0,33,0,3713,52,0,28,1,1,1,15,207.075,0
0,0,33,0,1908,44,0,26,1,1,1,15,107.36,0
4,0,33,0,3290,68,14,21,2,1,1,25,214.11,0
0,0,33,0,1875,25,267,11,3,1,1,30,1144.0,0
6,0,32,1,8630,107,126,36,3,1,1,30,853.48,0
0,0,33,0,13288,155,0,37,3,1,1,30,537.72,0
0,0,33,0,4030,69,0,18,3,1,1,30,163.96,0
0,0,33,0,5433,81,0,5,2,1,1,25,248.13,0
2,0,33,0,1753,40,0,10,3,1,2,30,71.72,0
18,0,33,2,14655,211,36,25,3,1,1,30,738.64,0
0,0,33,0,2610,13,465,1,3,1,1,30,1964.92,0
2,0,32,0,15000,168,132,23,2,1,1,25,1276.56,0
0,0,32,0,6015,72,168,19,3,1,1,30,915.48,0
0,0,32,0,0,0,0,0,2,1,2,25,0.0,0
0,0,33,0,0,0,0,0,2,1,2,25,0.0,0
0,0,32,0,0,0,0,0,2,1,2,25,0.0,1
0,0,32,0,7023,113,366,36,2,1,1,25,1968.12,0
0,0,32,0,10980,140,0,40,3,1,1,30,444.8,0
1,0,32,0,6233,61,90,30,2,1,1,25,688.23,0
16,0,28,0,470,33,0,10,2,1,2,25,22.635,1
14,0,31,7,9950,79,0,35,4,1,1,45,250.725,0
6,1,31,0,5333,84,8,17,2,1,1,25,279.765,1
0,0,29,0,2355,8,0,7,3,1,1,30,94.52,0
2,1,30,0,2505,27,0,9,2,1,2,25,113.94,1
2,0,31,0,1783,30,16,24,3,1,2,30,136.52,1
0,0,31,0,0,0,0,0,3,1,2,30,0.0,1
0,0,31,0,0,0,0,0,3,1,1,30,0.0,0
0,0,28,0,6300,83,0,15,4,1,1,45,159.575,0
0,0,31,0,0,0,0,0,4,1,2,45,0.0,1
0,0,31,0,0,0,0,0,5,1,1,55,0.0,0
18,0,26,2,15590,224,0,73,2,1,1,25,711.63,0
0,0,29,2,6480,102,253,26,2,2,1,25,1434.69,0
0,0,31,0,3233,68,0,21,2,1,1,25,148.545,0
0,0,30,0,1180,30,20,13,3,1,2,30,128.4,0
0,0,31,0,2295,39,157,16,2,1,1,25,811.53,0
0,0,22,0,830,22,175,4,2,2,1,25,825.84,0
0,0,21,0,1083,25,12,61,4,1,1,45,57.7,0
4,0,22,0,215,11,0,3,2,1,2,25,10.17,0
0,0,21,0,0,0,3,0,4,1,2,45,7.5,0
3,0,20,0,740,18,1,6,2,1,1,25,38.61,0
0,0,20,0,2740,47,0,16,3,1,1,30,111.48,0
0,0,13,0,1210,12,10,7,2,1,1,25,99.99,0
9,0,12,0,5908,127,67,35,1,2,1,15,700.425,0
5,0,10,0,8448,157,55,33,4,1,1,45,352.625,0
1,0,11,2,2368,31,13,12,3,1,1,30,147.96,0
0,0,4,0,3905,26,197,3,3,1,1,30,945.24,0
0,0,4,0,1003,5,0,4,2,1,1,25,45.36,1
7,0,36,1,4665,75,19,30,2,1,1,25,298.8,0
0,0,37,0,613,9,21,17,2,1,2,25,122.49,0
9,0,35,1,2748,64,373,37,2,1,1,25,1805.04,0
9,0,36,1,4493,70,15,48,1,1,1,15,333.465,0
2,0,36,1,2688,62,16,46,1,1,1,15,239.25,0
10,0,36,2,4070,86,46,41,3,1,1,30,350.24,0
3,0,36,1,2655,43,299,31,3,1,1,30,1303.92,0
12,0,35,3,9410,125,158,56,3,1,1,30,1013.4,0
6,0,36,1,14068,173,14,57,3,1,1,30,625.64,0
6,0,36,2,4810,87,16,38,3,1,1,30,259.88,0
5,0,36,1,6213,99,21,25,2,1,1,25,378.54,0
8,0,36,0,2533,58,22,30,3,1,2,30,191.64,0
24,0,36,4,15435,229,68,45,3,2,1,30,898.56,0
3,0,36,2,3390,31,497,21,3,1,1,30,2124.84,0
8,0,35,1,15780,186,164,43,2,1,1,25,1456.47,0
2,0,35,2,6795,90,200,39,3,1,1,30,1075.4,0
0,0,35,0,1170,18,14,24,2,1,2,25,116.46,0
1,0,36,0,1005,18,27,21,2,1,2,25,167.535,0
0,1,35,0,295,4,14,13,2,1,2,25,76.455,1
2,0,35,1,7803,131,398,56,2,1,1,25,2148.03,0
6,0,35,2,11760,158,25,60,3,1,1,30,576.72,0
7,0,35,2,7013,79,122,50,2,1,1,25,868.14,0
22,0,31,0,1250,51,30,30,2,1,2,25,193.545,1
20,0,34,9,10730,97,15,55,4,1,1,45,308.175,0
12,0,34,2,6113,102,40,37,2,1,1,25,459.675,0
0,0,32,1,3135,26,14,27,3,1,1,30,182.44,0
8,0,33,0,3285,45,23,29,2,1,2,25,253.35,1
8,1,34,0,2563,48,48,44,3,1,2,30,296.44,1
0,0,34,0,428,6,14,15,3,1,2,30,73.36,1
0,0,34,1,1963,29,14,19,3,1,1,30,135.68,0
2,0,31,2,7080,101,28,35,4,1,1,45,249.525,0
0,0,34,0,923,11,23,17,4,1,2,45,80.85,1
0,0,34,2,633,8,18,15,5,1,1,55,36.615,0
24,0,29,4,16370,242,14,93,2,1,1,25,810.54,0
5,0,32,4,7260,120,285,46,2,2,1,25,1614.6,0
1,0,34,1,4013,86,16,41,2,1,1,25,256.455,0
2,1,33,0,1960,48,52,33,3,1,2,30,288.32,1
5,0,34,1,3075,57,189,36,2,1,1,25,991.44,0
3,0,25,2,1610,40,207,24,2,2,1,25,1005.75,0
3,0,24,1,1863,43,44,81,4,1,1,45,157.65,0
10,0,25,0,995,29,24,20,2,1,2,25,154.08,0
0,0,24,0,1120,14,35,16,4,1,2,45,115.85,0
9,0,23,1,1520,36,33,26,2,1,1,25,218.52,0
1,0,23,1,3520,65,22,36,3,1,1,30,231.4,0
1,0,16,1,1990,30,42,27,2,1,1,25,279.9,0
15,0,15,2,6688,145,99,55,1,2,1,15,920.315,0
11,0,13,1,9228,175,87,53,4,1,1,45,452.575,0
7,0,14,4,3148,49,45,32,3,1,1,30,307.88,0
1,0,7,2,4685,44,229,23,3,1,1,30,1105.16,0
2,1,7,2,1783,23,14,20,3,1,1,30,128.24,1
0,0,36,0,3465,55,0,10,2,1,1,25,158.4,0
0,0,37,0,0,0,0,0,2,1,2,25,0.0,0
1,0,35,0,1548,44,331,7,2,1,1,25,1561.14,0
1,0,36,0,3293,50,0,18,1,1,1,15,183.865,0
0,0,36,0,1488,42,0,16,1,1,1,15,84.15,0
2,0,36,0,2870,66,4,11,2,1,1,25,150.12,0
0,0,36,0,1455,23,257,1,3,1,1,30,1087.12,0
4,0,35,0,8210,105,116,26,3,1,1,30,796.6,0
0,0,36,0,12868,153,0,27,3,1,1,30,520.84,0
0,0,36,0,3610,67,0,8,3,1,1,30,147.08,0
0,0,36,0,5013,79,0,13,2,1,1,25,229.14,0
0,0,36,0,1333,38,0,4,3,1,2,30,54.84,0
16,0,36,0,14235,209,26,15,3,1,1,30,681.76,0
0,0,36,0,2190,11,455,5,3,1,1,30,1908.04,0
0,0,35,0,14580,166,122,13,2,1,1,25,1212.57,0
0,0,35,0,5595,70,158,9,3,1,1,30,858.6,0
0,0,35,0,0,0,0,0,2,1,2,25,0.0,0
0,0,36,0,0,0,0,0,2,1,2,25,0.0,0
0,0,35,0,0,0,0,0,2,1,2,25,0.0,1
0,0,35,0,6603,111,356,26,2,1,1,25,1904.13,0
0,0,35,0,10560,138,0,30,3,1,1,30,427.92,0
0,0,35,0,5813,59,80,20,2,1,1,25,624.24,0
7,0,31,0,50,2,0,1,2,1,2,25,2.34,1
12,0,34,5,9530,77,0,25,4,1,1,45,240.175,0
4,0,34,0,4913,82,0,7,2,1,1,25,224.775,1
0,0,32,0,1935,6,0,2,3,1,1,30,77.64,0
0,0,33,0,2085,25,0,9,2,1,2,25,94.95,1
0,1,34,0,1363,28,6,14,3,1,2,30,79.64,1
0,0,34,0,0,0,0,0,2,1,2,25,0.0,1
0,0,34,0,0,0,0,0,3,1,1,30,0.0,0
0,0,31,0,5880,81,0,5,4,1,1,45,149.025,0
0,1,34,0,0,0,0,0,4,1,2,45,0.0,1
0,0,34,0,0,0,0,0,4,1,1,45,0.0,0
16,0,29,0,15170,222,0,63,2,1,1,25,692.64,0
0,0,32,0,6060,100,243,16,2,2,1,25,1370.7,0
0,0,34,0,2813,66,0,11,2,1,1,25,129.555,0
0,0,33,0,760,28,10,3,3,1,2,30,71.52,0
0,0,34,0,1875,37,147,6,2,1,1,25,747.54,0
0,0,25,0,1903,20,165,8,2,2,1,25,829.035,0
0,0,24,0,663,23,2,51,4,1,1,45,22.15,0
0,0,25,0,0,0,0,0,2,1,2,25,0.0,0
0,0,24,0,0,0,0,0,4,1,2,45,0.0,0
0,0,23,0,0,0,0,0,2,1,1,25,0.0,0
0,0,23,0,2320,45,0,6,3,1,1,30,94.6,0
0,0,16,0,0,0,0,0,2,1,1,25,0.0,0
7,0,15,0,5488,125,57,25,1,2,1,15,622.215,0
3,0,13,0,8028,155,45,23,4,1,1,45,317.075,0
0,0,14,0,1948,29,3,2,3,1,1,30,91.08,0
0,0,7,0,3485,24,187,21,3,1,1,30,888.36,0
0,0,7,0,0,0,0,0,2,1,1,25,0.0,1
3,0,37,0,4180,71,30,19,3,1,1,30,290.04,0
0,0,38,0,128,5,32,6,3,1,2,30,133.32,0
5,0,36,0,2263,60,384,26,3,1,1,30,1628.92,0
5,0,37,0,4008,66,26,37,1,1,1,15,367.07,0
0,0,37,0,2203,58,27,35,2,1,1,25,223.245,0
6,0,37,1,3585,82,57,30,3,1,1,30,374.68,0
0,0,37,0,2170,39,310,20,3,1,1,30,1328.36,0
8,0,36,2,8925,121,169,45,3,1,1,30,1037.84,0
2,0,37,0,13583,169,25,46,3,1,1,30,650.08,0
2,0,37,1,4325,83,27,27,3,1,1,30,284.32,0
1,0,37,0,5728,95,32,14,3,1,1,30,360.92,0
4,0,37,0,2048,54,33,19,3,1,2,30,216.08,0
20,0,37,3,14950,225,79,34,3,1,1,30,923.0,0
0,0,37,1,2905,27,508,10,3,1,1,30,2149.28,0
4,0,36,0,15295,182,175,32,2,1,1,25,1483.965,0
0,0,36,1,6310,86,211,28,3,1,1,30,1099.84,0
0,0,36,0,685,14,25,13,2,1,2,25,143.955,0
0,0,37,0,520,14,38,10,3,1,2,30,173.36,0
0,0,36,0,0,0,25,0,2,1,2,25,112.5,1
0,0,36,0,7318,127,409,45,3,1,1,30,1933.8,0
2,0,36,1,11275,154,36,49,4,1,1,45,375.725,0
3,0,36,1,6528,75,133,39,2,1,1,25,895.635,0
18,0,32,0,765,47,41,19,3,1,2,30,196.48,1
16,0,35,8,10245,93,26,44,5,2,1,55,194.07,0
8,1,35,1,5628,98,51,26,2,1,1,25,487.17,1
0,0,33,0,2650,22,25,16,3,1,1,30,206.88,0
4,1,34,0,2800,41,34,18,3,1,2,30,249.64,1
4,0,35,0,2078,44,59,33,3,1,2,30,320.88,1
0,0,35,0,0,0,25,0,3,1,2,30,100.0,1
0,0,35,0,1478,25,25,8,4,1,1,45,100.075,0
0,0,32,1,6595,97,39,24,5,1,1,55,158.88,0
0,0,35,0,438,7,34,6,4,1,2,45,96.125,1
0,0,35,1,148,4,29,4,5,1,1,55,45.78,0
20,0,30,3,15885,238,25,82,2,1,1,25,838.035,0
1,0,33,3,6775,116,296,35,2,2,1,25,1642.095,0
0,0,35,0,3528,82,27,30,3,1,1,30,252.4,0
0,0,34,0,1475,44,63,22,3,1,2,30,312.76,0
1,0,35,0,2590,53,200,25,2,1,1,25,1018.935,0
0,0,26,1,1125,36,218,13,2,2,1,25,1033.245,0
0,0,25,0,1378,39,55,70,4,1,1,45,172.925,0
6,0,26,0,510,25,35,9,3,1,2,30,161.4,0
0,0,25,0,635,10,46,5,4,1,2,45,131.125,0
5,0,24,0,1035,32,44,15,2,1,1,25,246.015,0
0,0,24,0,3035,61,33,25,3,1,1,30,255.84,0
0,0,17,0,1505,26,53,16,2,1,1,25,307.395,0
11,0,16,1,6203,141,110,44,2,2,1,25,780.48,0
7,0,14,0,8743,171,98,42,5,1,1,55,280.71,0
3,0,15,3,2663,45,56,21,3,1,1,30,332.32,0
0,0,8,1,4200,40,240,12,3,1,1,30,1129.6,0
0,1,8,1,1298,19,25,9,3,1,1,30,152.68,1
3,0,35,0,3950,59,0,11,2,1,1,25,180.405,0
0,0,36,0,0,0,0,0,2,1,2,25,0.0,0
5,0,34,0,2033,48,320,18,2,1,1,25,1533.645,0
5,0,35,0,3778,54,0,29,1,1,1,15,210.76,0
0,0,35,0,1973,46,0,27,1,1,1,15,111.045,0
6,0,35,0,3355,70,0,22,2,1,1,25,154.125,0
0,0,35,0,1940,27,246,12,3,1,1,30,1062.68,0
8,0,34,0,8695,109,105,37,3,1,1,30,772.16,0
2,0,35,0,13353,157,0,38,3,1,1,30,540.4,0
2,0,35,0,4095,71,0,19,3,1,1,30,166.64,0
1,0,35,0,5498,83,0,6,2,1,1,25,251.145,0
4,0,35,0,1818,42,0,11,3,1,2,30,74.4,0
20,0,35,1,14720,213,15,26,2,1,1,25,739.485,0
0,0,35,0,2675,15,444,2,3,1,1,30,1883.6,0
4,0,34,0,15065,170,111,24,2,1,1,25,1185.075,0
0,0,34,0,6080,74,147,20,3,1,1,30,834.16,0
0,0,34,0,455,2,0,5,2,1,2,25,20.565,0
0,0,35,0,290,2,0,2,2,1,2,25,13.14,0
0,0,34,0,0,0,0,0,2,1,2,25,0.0,1
0,0,34,0,7088,115,345,37,2,1,1,25,1876.635,0
2,0,34,0,11045,142,0,41,3,1,1,30,447.48,0
3,0,34,0,6298,63,69,31,2,1,1,25,596.745,0
18,0,30,0,535,35,0,11,2,1,2,25,25.65,1
16,0,33,6,10015,81,0,36,4,1,1,45,252.4,0
8,0,33,0,5398,86,0,18,2,1,1,25,246.78,1
0,0,31,0,2420,10,0,8,3,1,1,30,97.2,0
4,1,32,0,2570,29,0,10,2,1,2,25,116.955,1
4,0,33,0,1848,32,0,25,3,1,2,30,75.2,1
0,0,33,0,0,0,0,0,2,1,2,25,0.0,1
0,0,33,0,1248,13,0,3,3,1,1,30,50.44,0
0,0,30,0,6365,85,0,16,4,1,1,45,161.25,0
0,0,33,0,0,0,0,0,3,1,2,30,0.0,1
0,0,33,0,0,0,0,0,4,1,1,45,0.0,0
20,0,28,1,15655,226,0,74,2,1,1,25,714.645,0
1,0,31,1,6545,104,232,27,2,2,1,25,1343.205,0
0,0,33,0,3298,70,0,22,2,1,1,25,151.56,0
0,0,32,0,1245,32,0,14,3,1,2,30,51.08,0
1,0,33,0,2360,41,136,17,2,1,1,25,720.045,0
0,0,24,0,895,24,154,5,2,2,1,25,734.355,0
0,0,23,0,1148,27,0,62,4,1,1,45,29.375,0
6,0,24,0,280,13,0,1,2,1,2,25,13.185,0
0,0,23,0,0,0,0,0,4,1,2,45,0.0,0
5,0,22,0,805,20,0,7,1,1,1,15,45.375,0
0,0,22,0,2805,49,0,17,3,1,1,30,114.16,0
0,0,15,0,1275,14,0,8,2,1,1,25,58.005,0
11,0,14,0,5973,129,46,36,1,2,1,15,588.61,0
7,0,12,0,8513,159,34,34,4,1,1,45,301.8,0
3,0,13,1,2433,33,0,13,3,1,1,30,98.64,0
0,0,6,0,3970,28,176,4,2,1,1,25,971.91,0
0,1,6,0,1068,7,0,1,2,1,1,25,48.375,1
5,0,36,0,4255,66,7,18,2,1,1,25,225.945,0
0,0,37,0,0,0,9,0,2,1,2,25,40.5,0
7,0,35,0,2338,55,361,25,2,1,1,25,1732.185,0
7,0,36,0,4083,61,3,36,1,1,1,15,244.42,0
0,0,36,0,2278,53,4,34,1,1,1,15,150.205,0
8,0,36,0,3660,77,34,29,2,1,1,25,321.165,0
1,0,36,0,2245,34,287,19,3,1,1,30,1239.16,0
10,0,35,1,9000,116,146,44,3,1,1,30,948.64,0
4,0,36,0,13658,164,2,45,3,1,1,30,560.88,0
4,0,36,0,4400,78,4,26,3,1,1,30,195.12,0
3,0,36,0,5803,90,9,13,2,1,1,25,305.685,0
6,1,36,0,2123,49,10,18,3,1,2,30,126.88,0
22,0,36,2,15025,220,56,33,3,1,1,30,833.8,0
1,0,36,0,2980,22,485,9,3,1,1,30,2060.08,0
6,0,35,0,15370,177,152,31,2,1,1,25,1383.615,0
0,0,35,0,6385,81,188,27,3,1,1,30,1010.64,0
0,0,35,0,760,9,2,12,2,1,2,25,43.605,0
0,0,36,0,595,9,15,9,2,1,2,25,94.68,0
0,0,35,0,0,0,2,0,2,1,2,25,9.0,1
0,0,35,0,7393,122,386,44,2,1,1,25,2075.175,0
4,0,35,0,11350,149,13,48,3,1,1,30,511.96,0
5,0,35,0,6603,70,110,38,2,1,1,25,795.285,0
20,0,31,0,840,42,18,18,2,1,2,25,120.69,1
18,0,34,7,10320,88,3,43,4,1,1,45,267.7,0
10,0,34,0,5703,93,28,25,2,1,1,25,386.82,1
0,0,32,0,2725,17,2,15,3,1,1,30,117.68,0
6,0,33,0,2875,36,11,17,2,1,2,25,180.495,1
6,1,34,0,2153,39,36,32,3,1,2,30,231.68,1
0,0,34,0,0,0,2,0,3,1,2,30,8.0,1
0,0,34,0,1553,20,2,7,3,1,1,30,70.92,0
0,0,31,0,6670,92,16,23,4,1,1,45,209.05,0
0,0,34,0,513,2,11,5,4,1,2,45,40.375,1
0,0,34,0,0,0,6,0,5,1,1,55,9.0,0
22,0,29,2,15960,233,2,81,2,1,1,25,737.685,0
3,0,32,2,6850,111,273,34,2,2,1,25,1541.745,0
0,0,34,0,3603,77,4,29,2,1,1,25,183.6,0
0,0,33,0,1550,39,40,21,3,1,2,30,223.56,0
3,0,34,0,2665,48,177,24,2,1,1,25,918.585,0
1,0,25,0,1200,31,195,12,2,2,1,25,932.895,0
1,0,24,0,1453,34,32,69,4,1,1,45,117.175,0
8,0,25,0,585,20,12,8,2,1,2,25,81.225,0
0,0,24,0,710,5,23,4,4,1,2,45,75.375,0
7,0,23,0,1110,27,21,14,2,1,1,25,145.665,0
0,0,23,0,3110,56,10,24,3,1,1,30,166.64,0
0,0,16,0,1580,21,30,15,2,1,1,25,207.045,0
13,0,15,0,6277,136,87,43,1,2,1,15,831.215,0
9,0,13,0,8817,166,75,41,4,1,1,45,412.075,0
5,0,14,2,2737,40,33,20,3,1,1,30,243.08,0
0,0,7,0,4275,35,217,11,3,1,1,30,1040.4,0
0,1,7,0,1372,14,2,8,2,1,1,25,71.37,1
1,0,36,0,3875,64,0,12,2,1,1,25,177.255,0
0,0,37,0,0,0,0,0,2,1,2,25,0.0,0
3,0,35,0,1958,53,343,19,2,1,1,25,1633.995,0
3,0,36,0,3703,59,0,30,2,1,1,25,169.29,0
0,0,36,0,1898,51,0,28,1,1,1,15,107.195,0
4,0,36,0,3280,75,16,23,2,1,1,25,222.975,0
0,0,36,0,1865,32,269,13,3,1,1,30,1151.88,0
6,0,35,1,8620,114,128,38,3,1,1,30,861.36,0
0,0,36,0,13278,162,0,39,3,1,1,30,537.6,0
0,0,36,0,4020,76,0,20,3,1,1,30,163.84,0
0,0,36,0,5423,88,0,7,2,1,1,25,247.995,0
2,0,36,0,1743,47,0,12,3,1,2,30,71.6,0
18,0,36,2,14645,218,38,27,3,1,1,30,746.52,0
0,0,36,0,2600,20,467,3,3,1,1,30,1972.8,0
2,0,35,0,14990,175,134,25,2,1,1,25,1285.425,0
0,0,35,0,6005,79,170,21,3,1,1,30,923.36,0
0,0,35,0,380,7,0,6,2,1,2,25,17.415,0
0,0,36,0,215,7,0,3,2,1,2,25,9.99,0
0,0,35,0,0,0,0,0,2,1,2,25,0.0,1
0,0,35,0,7013,120,368,38,2,1,1,25,1976.985,0
0,0,35,0,10970,147,0,42,3,1,1,30,444.68,0
1,0,35,0,6223,68,92,32,2,1,1,25,697.095,0
16,1,31,0,460,40,0,12,2,1,2,25,22.5,1
14,0,34,7,9940,86,0,37,4,1,1,45,250.65,0
6,0,34,0,5323,91,10,19,2,1,1,25,288.63,1
0,0,32,0,2345,15,0,9,3,1,1,30,94.4,0
2,1,33,0,2495,34,0,11,2,1,2,25,113.805,1
2,0,34,0,1773,37,18,26,3,1,2,30,144.4,1
0,0,34,0,0,0,0,0,3,1,2,30,0.0,1
0,0,34,0,1173,18,0,1,3,1,1,30,47.64,0
0,0,31,0,6290,90,0,17,4,1,1,45,159.5,0
0,0,34,0,0,0,0,0,4,1,2,45,0.0,1
0,0,34,0,0,0,0,0,5,1,1,55,0.0,0
18,0,29,2,15580,231,0,75,2,1,1,25,711.495,0
0,0,32,2,6470,109,255,28,2,2,1,25,1443.555,0
0,0,34,0,3223,75,0,23,2,1,1,25,148.41,0
0,0,33,0,1170,37,22,15,3,1,2,30,136.28,0
0,0,34,0,2285,46,159,18,2,1,1,25,820.395,0
0,0,25,0,820,29,177,6,2,2,1,25,834.705,0
0,0,24,0,1073,32,14,63,4,1,1,45,62.625,0
4,0,25,0,205,18,0,2,2,1,2,25,10.035,0
0,0,24,0,0,0,5,0,4,1,2,45,12.5,0
3,0,23,0,730,25,3,8,2,1,1,25,47.475,0
0,0,23,0,2730,54,0,18,3,1,1,30,111.36,0
0,0,16,0,1200,19,12,9,2,1,1,25,108.855,0
9,0,15,0,5897,134,69,37,1,2,1,15,711.205,0
5,0,13,0,8437,164,57,35,4,1,1,45,357.525,0
1,0,14,2,2357,38,15,14,3,1,1,30,155.8,0
0,0,7,0,3895,33,199,5,3,1,1,30,953.12,0
0,0,7,0,992,12,0,2,2,1,1,25,45.18,1
1,0,31,0,4065,59,0,14,2,1,1,25,185.58,0
0,0,32,0,0,0,0,0,2,1,2,25,0.0,0
3,0,30,0,2148,48,344,21,2,1,1,25,1646.82,0
3,0,31,0,3893,54,0,32,1,1,1,15,217.085,0
0,0,31,0,2088,46,0,30,1,1,1,15,117.37,0
4,0,31,0,3470,70,17,25,2,1,1,25,235.8,0
0,0,31,0,2055,27,270,15,3,1,1,30,1163.28,0
6,0,30,0,8810,109,129,40,3,1,1,30,872.76,0
0,0,31,0,13468,157,0,41,3,1,1,30,545.0,0
0,0,31,0,4210,71,0,22,3,1,1,30,171.24,0
0,0,31,0,5613,83,0,9,2,1,1,25,256.32,0
2,0,31,0,1933,42,0,14,3,1,2,30,79.0,0
18,0,31,1,14835,213,39,29,2,1,1,25,852.66,0
0,0,31,0,2790,15,468,5,3,1,1,30,1984.2,0
2,0,30,0,15180,170,135,27,2,1,1,25,1298.25,0
0,0,30,0,6195,74,171,23,3,1,1,30,934.76,0
0,0,30,0,570,2,0,8,2,1,2,25,25.74,0
0,0,31,0,405,2,0,5,2,1,2,25,18.315,0
0,0,30,0,0,0,0,0,2,1,2,25,0.0,1
0,0,30,0,7203,115,369,40,2,1,1,25,1989.81,0
0,0,30,0,11160,142,0,44,3,1,1,30,452.08,0
1,0,30,0,6413,63,93,34,2,1,1,25,709.92,0
16,0,26,0,650,35,1,14,2,1,2,25,35.325,1
14,0,29,6,10130,81,0,39,4,1,1,45,255.275,0
6,0,29,0,5513,86,11,21,2,1,1,25,301.455,1
0,0,27,0,2535,10,0,11,3,1,1,30,101.8,0
2,0,28,0,2685,29,0,13,2,1,2,25,122.13,1
2,0,29,0,1963,32,19,28,3,1,2,30,155.8,1
0,0,29,0,0,0,0,0,2,1,2,25,0.0,1
0,0,29,0,1363,13,0,3,3,1,1,30,55.04,0
0,0,26,0,6480,85,0,19,4,1,1,45,164.125,0
0,0,29,0,0,0,0,0,3,1,2,30,0.0,1
0,0,29,0,0,0,0,0,4,1,1,45,0.0,0
18,0,24,1,15770,226,0,77,2,1,1,25,719.82,0
0,0,27,1,6660,104,256,30,2,2,1,25,1456.38,0
0,0,29,0,3413,70,0,25,2,1,1,25,156.735,0
0,0,28,0,1360,32,23,17,3,1,2,30,147.68,0
0,0,29,0,2475,41,160,20,2,1,1,25,833.22,0
0,0,20,0,1010,24,178,8,2,2,1,25,847.53,0
0,0,19,0,1263,27,15,65,4,1,1,45,69.75,0
4,0,20,0,395,13,0,4,2,1,2,25,18.36,0
0,0,19,0,520,4,6,2,4,1,2,45,28.1,0
3,0,18,0,920,20,4,10,1,1,1,15,73.7,0
0,0,18,0,2920,49,0,20,3,1,1,30,118.76,0
0,0,11,0,1390,14,13,11,2,1,1,25,121.68,0
9,0,10,0,6087,129,70,39,1,2,1,15,726.88,0
5,0,8,0,8627,159,58,37,4,1,1,45,364.65,0
1,0,9,1,2547,33,16,16,3,1,1,30,167.2,0
0,0,3,0,4085,28,200,7,2,1,1,25,1085.085,0
0,0,3,0,1182,7,0,4,2,1,1,25,53.505,1
5,0,41,0,4065,71,6,16,3,1,1,30,189.44,0
0,0,42,0,13,5,8,3,3,1,2,30,32.72,0
7,0,40,0,2148,60,360,23,3,1,1,30,1528.32,0
7,0,41,0,3893,66,2,34,1,1,1,15,228.745,0
0,0,41,0,2088,58,3,32,2,1,1,25,110.07,0
8,0,41,1,3470,82,33,27,3,1,1,30,274.08,0
1,0,41,0,2055,39,286,17,3,1,1,30,1227.76,0
10,0,40,2,8810,121,145,42,3,1,1,30,937.24,0
4,0,41,0,13468,169,1,43,3,1,1,30,549.48,0
4,0,41,1,4210,83,3,24,3,1,1,30,183.72,0
3,0,41,0,5613,95,8,11,3,1,1,30,260.32,0
6,0,41,0,1933,54,9,16,3,1,2,30,115.48,0
22,0,41,3,14835,225,55,31,3,1,1,30,822.4,0
1,0,41,1,2790,27,484,7,3,1,1,30,2048.68,0
6,0,40,0,15180,182,151,29,2,1,1,25,1370.79,0
0,0,40,1,6195,86,187,25,3,1,1,30,999.24,0
0,0,40,0,570,14,1,10,2,1,2,25,30.78,0
0,0,41,0,405,14,14,7,3,1,2,30,72.76,0
0,0,40,0,0,0,1,0,2,1,2,25,4.5,1
0,0,40,0,7203,127,385,42,3,1,1,30,1833.2,0
4,0,40,1,11160,154,12,46,4,1,1,45,312.85,0
5,0,40,1,6413,75,109,36,2,1,1,25,782.46,0
20,0,36,0,650,47,17,16,3,1,2,30,95.88,1
18,0,39,8,10130,93,2,41,5,1,1,55,156.345,0
10,0,39,1,5513,98,27,23,2,1,1,25,373.995,1
0,0,37,0,2535,22,1,13,3,1,1,30,106.28,0
6,1,38,0,2685,41,10,15,3,1,2,30,149.04,1
6,0,39,0,1963,44,35,30,3,1,2,30,220.28,1
0,0,39,0,0,0,1,0,3,1,2,30,4.0,1
0,0,39,0,1363,25,1,5,4,1,1,45,37.2,0
0,0,36,1,6480,97,15,21,5,1,1,55,121.155,0
0,0,39,0,323,7,10,3,4,1,2,45,33.25,1
0,0,39,1,33,4,5,1,5,1,1,55,8.055,0
22,0,34,3,15770,238,1,79,2,1,1,25,724.86,0
3,0,37,3,6660,116,272,32,2,2,1,25,1528.92,0
0,0,39,0,3413,82,3,27,3,1,1,30,151.8,0
0,0,38,0,1360,44,39,19,3,1,2,30,212.16,0
3,0,39,0,2475,53,176,22,2,1,1,25,905.76,0
1,0,30,1,1010,36,194,10,2,2,1,25,920.07,0
1,0,29,0,1263,39,31,67,4,1,1,45,110.05,0
8,0,30,0,395,25,11,6,3,1,2,30,60.8,0
0,0,29,0,520,10,22,2,4,1,2,45,68.25,0
7,0,28,0,920,32,20,12,2,1,1,25,132.84,0
0,0,28,0,2920,61,9,22,3,1,1,30,155.24,0
0,0,21,0,1390,26,29,13,2,1,1,25,194.22,0
13,0,20,1,6087,141,86,41,2,2,1,25,667.26,0
9,0,18,0,8627,171,74,39,5,1,1,55,242.97,0
5,0,19,3,2547,45,32,18,3,1,1,30,231.68,0
0,0,12,1,4085,40,216,9,3,1,1,30,1029.0,0
0,0,12,1,1182,19,1,6,3,1,1,30,52.04,1
9,0,37,0,4775,76,23,15,2,1,1,25,321.795,0
1,0,38,0,723,10,8,2,2,1,2,25,68.985,0
11,0,36,0,2858,65,360,22,2,1,1,25,1751.535,0
11,0,37,0,4603,71,2,33,1,1,1,15,268.07,0
4,0,37,0,2798,63,3,31,1,1,1,15,173.855,0
12,0,37,1,4180,87,33,26,3,1,1,30,302.68,0
5,0,37,0,2765,44,286,16,3,1,1,30,1256.36,0
14,0,36,2,9520,126,145,41,3,1,1,30,965.84,0
8,0,37,0,14178,174,1,42,3,1,1,30,578.08,0
8,0,37,1,4920,88,3,23,3,1,1,30,212.32,0
7,0,37,0,6323,100,8,10,2,1,1,25,325.035,0
10,0,37,0,2643,59,9,15,3,1,2,30,144.08,0
26,1,37,3,15545,230,55,30,3,1,1,30,851.0,0
5,0,37,1,3500,32,484,6,3,1,1,30,2077.28,0
10,0,36,0,15890,187,151,28,2,1,1,25,1402.965,0
4,0,36,1,6905,91,187,24,3,1,1,30,1027.84,0
1,0,36,0,1280,19,1,9,2,1,2,25,62.955,0
3,0,37,0,1115,19,14,6,2,1,2,25,114.03,0
0,0,36,0,0,0,1,0,2,1,2,25,4.5,1
4,0,36,0,7913,132,385,41,2,1,1,25,2094.525,0
8,0,36,1,11870,159,12,45,3,1,1,30,529.16,0
9,0,36,1,7123,80,109,35,2,1,1,25,814.635,0
24,0,32,0,1360,52,17,15,2,1,2,25,140.04,1
22,0,35,8,10840,98,2,40,4,1,1,45,278.45,0
14,0,35,1,6223,103,27,22,2,1,1,25,406.17,0
2,0,33,0,3245,27,1,12,3,1,1,30,134.88,0
10,0,34,0,3395,46,10,14,3,1,2,30,177.64,1
10,1,35,0,2673,49,35,29,3,1,2,30,248.88,1
1,0,35,0,538,7,1,1,3,1,2,30,25.8,1
2,0,35,0,2073,30,1,4,3,1,1,30,88.12,0
4,0,32,1,7190,102,15,20,4,1,1,45,219.8,0
1,0,35,0,1033,12,10,2,4,1,2,45,51.125,1
1,0,35,1,743,9,5,1,5,1,1,55,18.78,0
26,0,30,3,16480,243,1,78,2,1,1,25,757.035,0
7,0,33,3,7370,121,272,31,2,2,1,25,1561.095,0
3,0,35,0,4123,87,3,26,2,1,1,25,202.95,0
4,0,34,0,2070,49,39,18,3,1,2,30,240.76,0
7,0,35,0,3185,58,176,21,2,1,1,25,937.935,0
5,0,26,1,1720,41,194,9,2,2,1,25,952.245,0
5,0,25,0,1973,44,31,66,4,1,1,45,127.925,0
12,0,26,0,1105,30,11,5,2,1,2,25,100.575,0
1,0,25,0,1230,15,22,1,4,1,2,45,86.125,0
11,0,24,0,1630,37,20,11,2,1,1,25,165.015,0
3,0,24,0,3630,66,9,21,3,1,1,30,183.84,0
3,0,17,0,2100,31,29,12,2,1,1,25,226.395,0
17,0,16,1,6797,146,86,40,1,2,1,15,854.865,0
13,0,14,0,9337,176,74,38,4,1,1,45,422.825,0
9,0,15,3,3257,50,32,17,3,1,1,30,260.28,0
3,0,8,1,4795,45,216,8,3,1,1,30,1057.6,0
4,0,8,1,1892,24,1,5,3,1,1,30,80.64,1
0,0,35,0,3355,54,0,15,2,1,1,25,153.405,0
0,0,36,0,0,0,0,0,2,1,2,25,0.0,0
0,0,34,0,1438,43,327,22,2,1,1,25,1538.145,0
0,0,35,0,3183,49,0,33,1,1,1,15,177.76,0
0,0,35,0,1378,41,0,31,1,1,1,15,78.045,0
0,0,35,0,2760,65,0,26,2,1,1,25,127.125,0
0,0,35,0,1345,22,253,16,3,1,1,30,1066.68,0
2,0,34,0,8100,104,112,41,3,1,1,30,776.16,0
0,0,35,0,12758,152,0,42,3,1,1,30,516.4,0
0,0,35,0,3500,66,0,23,3,1,1,30,142.64,0
0,0,35,0,4903,78,0,10,2,1,1,25,224.145,0
0,0,35,0,1223,37,0,15,3,1,2,30,50.4,0
14,0,35,1,14125,208,22,30,2,1,1,25,743.985,0
0,0,35,0,2080,10,451,6,3,1,1,30,1887.6,0
0,0,34,0,14470,165,118,28,2,1,1,25,1189.575,0
0,0,34,0,5485,69,154,24,3,1,1,30,838.16,0
0,0,34,0,0,0,0,0,2,1,2,25,0.0,0
0,0,35,0,0,0,0,0,2,1,2,25,0.0,0
0,0,34,0,0,0,0,0,2,1,2,25,0.0,1
0,0,34,0,6493,110,352,41,2,1,1,25,1881.135,0
0,0,34,0,10450,137,0,45,3,1,1,30,423.48,0
0,0,34,0,5703,58,76,35,2,1,1,25,601.245,0
0,1,30,0,0,0,0,0,2,1,2,25,0.0,1
10,0,33,6,9420,76,0,40,4,1,1,45,237.4,0
2,1,33,0,4803,81,0,22,2,1,1,25,219.78,1
0,0,31,0,1825,5,0,12,3,1,1,30,73.2,0
0,0,32,0,1975,24,0,14,2,1,2,25,89.955,1
0,0,33,0,1253,27,2,29,3,1,2,30,59.2,1
0,1,33,0,0,0,0,0,2,1,2,25,0.0,1
0,0,33,0,653,8,0,4,3,1,1,30,26.44,0
0,0,30,0,5770,80,0,20,4,1,1,45,146.25,0
0,0,33,0,0,0,0,0,3,1,2,30,0.0,1
0,0,33,0,0,0,0,0,4,1,1,45,0.0,0
14,0,28,1,15060,221,0,78,2,1,1,25,687.645,0
0,0,31,1,5950,99,239,31,2,2,1,25,1347.705,0
0,0,33,0,2703,65,0,26,2,1,1,25,124.56,0
0,0,32,0,650,27,6,18,3,1,2,30,51.08,0
0,0,33,0,1765,36,143,21,2,1,1,25,724.545,0
0,0,24,0,300,19,161,9,2,2,1,25,738.855,0
0,0,23,0,553,22,0,66,4,1,1,45,14.375,0
0,0,24,0,0,0,0,0,2,1,2,25,0.0,0
0,0,23,0,0,0,0,0,4,1,2,45,0.0,0
0,0,22,0,210,15,0,11,2,1,1,25,10.125,0
0,0,22,0,2210,44,0,21,3,1,1,30,90.16,0
0,0,15,0,680,9,0,12,2,1,1,25,31.005,0
5,0,14,0,5377,124,53,40,1,2,1,15,594.055,0
1,0,12,0,7917,154,41,38,4,1,1,45,304.275,0
0,0,13,1,1837,28,0,17,3,1,1,30,74.6,0
0,0,6,0,3375,23,183,8,3,1,1,30,867.92,0
0,0,6,0,472,2,0,5,2,1,1,25,21.33,1
3,0,36,0,4065,65,0,15,2,1,1,25,185.85,0
0,0,37,0,0,0,0,0,2,1,2,25,0.0,0
5,0,35,0,2148,54,352,22,2,1,1,25,1683.09,0
5,0,36,0,3893,60,0,33,1,1,1,15,217.415,0
0,0,36,0,2088,52,0,31,1,1,1,15,117.7,0
6,0,36,0,3470,76,25,26,2,1,1,25,272.07,0
0,0,36,0,2055,33,278,16,3,1,1,30,1195.52,0
8,0,35,1,8810,115,137,41,3,1,1,30,905.0,0
2,0,36,0,13468,163,0,42,3,1,1,30,545.24,0
2,0,36,0,4210,77,0,23,3,1,1,30,171.48,0
1,0,36,0,5613,89,0,10,2,1,1,25,256.59,0
4,0,36,0,1933,48,1,15,3,1,2,30,83.24,0
20,0,36,2,14835,219,47,30,3,1,1,30,790.16,0
0,0,36,0,2790,21,476,6,3,1,1,30,2016.44,0
4,0,35,0,15180,176,143,28,2,1,1,25,1334.52,0
0,0,35,0,6195,80,179,24,3,1,1,30,967.0,0
0,0,35,0,570,8,0,9,2,1,2,25,26.01,0
0,0,36,0,405,8,6,6,2,1,2,25,45.585,0
0,1,35,0,0,0,0,0,2,1,2,25,0.0,1
0,0,35,0,7203,121,377,41,2,1,1,25,2026.08,0
2,0,35,0,11160,148,4,45,3,1,1,30,468.32,0
3,0,35,0,6413,69,101,35,2,1,1,25,746.19,0
18,0,31,0,650,41,9,15,2,1,2,25,71.595,1
16,0,34,7,10130,87,0,40,4,1,1,45,255.425,0
8,0,34,0,5513,92,19,22,2,1,1,25,337.725,1
0,0,32,0,2535,16,0,12,3,1,1,30,102.04,0
4,0,33,0,2685,35,2,14,2,1,2,25,131.4,1
4,1,34,0,1963,38,27,29,3,1,2,30,188.04,1
0,0,34,0,0,0,0,0,3,1,2,30,0.0,1
0,0,34,0,1363,19,0,4,3,1,1,30,55.28,0
0,0,31,0,6480,91,7,20,4,1,1,45,181.775,0
0,1,34,0,323,1,2,2,4,1,2,45,13.1,1
0,0,34,0,0,0,0,0,5,1,1,55,0.0,0
20,0,29,2,15770,232,0,78,2,1,1,25,720.09,0
1,0,32,2,6660,110,264,31,2,2,1,25,1492.65,0
0,0,34,0,3413,76,0,26,2,1,1,25,157.005,0
0,0,33,0,1360,38,31,18,3,1,2,30,179.92,0
1,0,34,0,2475,47,168,21,2,1,1,25,869.49,0
0,0,25,0,1010,30,186,9,2,2,1,25,883.8,0
0,0,24,0,1263,33,23,66,4,1,1,45,89.9,0
6,0,25,0,395,19,3,5,2,1,2,25,32.13,0
0,0,24,0,520,4,14,1,4,1,2,45,48.1,0
5,0,23,0,920,26,12,11,2,1,1,25,96.57,0
0,0,23,0,2920,55,1,21,3,1,1,30,123.0,0
0,0,16,0,1390,20,21,12,2,1,1,25,157.95,0
11,0,15,0,6087,135,78,40,1,2,1,15,771.21,0
7,0,13,0,8627,165,66,38,4,1,1,45,384.8,0
3,0,14,2,2547,39,24,17,3,1,1,30,199.44,0
0,0,7,0,4085,34,208,8,3,1,1,30,996.76,0
0,0,7,0,1182,13,0,5,2,1,1,25,53.775,1
3,0,36,0,4065,65,0,15,2,1,1,25,185.85,0
0,0,37,0,0,0,0,0,2,1,2,25,0.0,0
5,0,35,0,2148,54,352,22,2,1,1,25,1683.09,0
5,0,36,0,3893,60,0,33,1,1,1,15,217.415,0
0,0,36,0,2088,52,0,31,1,1,1,15,117.7,0
6,0,36,0,3470,76,25,26,2,1,1,25,272.07,0
0,0,36,0,2055,33,278,16,3,1,1,30,1195.52,0
8,0,35,1,8810,115,137,41,3,1,1,30,905.0,0
2,0,36,0,13468,163,0,42,3,1,1,30,545.24,0
2,0,36,0,4210,77,0,23,3,1,1,30,171.48,0
1,0,36,0,5613,89,0,10,2,1,1,25,256.59,0
4,0,36,0,1933,48,1,15,3,1,2,30,83.24,0
20,0,36,2,14835,219,47,30,3,1,1,30,790.16,0
0,0,36,0,2790,21,476,6,3,1,1,30,2016.44,0
4,0,35,0,15180,176,143,28,2,1,1,25,1334.52,0
0,0,35,0,6195,80,179,24,3,1,1,30,967.0,0
0,0,35,0,570,8,0,9,2,1,2,25,26.01,0
0,0,36,0,405,8,6,6,2,1,2,25,45.585,0
0,0,35,0,0,0,0,0,2,1,2,25,0.0,1
0,0,35,0,7203,121,377,41,2,1,1,25,2026.08,0
2,0,35,0,11160,148,4,45,3,1,1,30,468.32,0
3,0,35,0,6413,69,101,35,2,1,1,25,746.19,0
18,1,31,0,650,41,9,15,2,1,2,25,71.595,1
16,0,34,7,10130,87,0,40,4,1,1,45,255.425,0
8,0,34,0,5513,92,19,22,2,1,1,25,337.725,1
0,0,32,0,2535,16,0,12,3,1,1,30,102.04,0
4,1,33,0,2685,35,2,14,2,1,2,25,131.4,1
4,0,34,0,1963,38,27,29,3,1,2,30,188.04,1
0,1,34,0,0,0,0,0,3,1,2,30,0.0,1
0,0,34,0,1363,19,0,4,3,1,1,30,55.28,0
0,0,31,0,6480,91,7,20,4,1,1,45,181.775,0
0,0,34,0,323,1,2,2,4,1,2,45,13.1,1
0,0,34,0,0,0,0,0,5,1,1,55,0.0,0
20,0,29,2,15770,232,0,78,2,1,1,25,720.09,0
1,0,32,2,6660,110,264,31,2,2,1,25,1492.65,0
0,0,34,0,3413,76,0,26,2,1,1,25,157.005,0
0,0,33,0,1360,38,31,18,3,1,2,30,179.92,0
1,0,34,0,2475,47,168,21,2,1,1,25,869.49,0
0,0,25,0,1010,30,186,9,2,2,1,25,883.8,0
0,0,24,0,1263,33,23,66,4,1,1,45,89.9,0
6,0,25,0,395,19,3,5,2,1,2,25,32.13,0
0,0,24,0,520,4,14,1,4,1,2,45,48.1,0
5,0,23,0,920,26,12,11,2,1,1,25,96.57,0
0,0,23,0,2920,55,1,21,3,1,1,30,123.0,0
0,0,16,0,1390,20,21,12,2,1,1,25,157.95,0
11,0,15,0,6087,135,78,40,1,2,1,15,771.21,0
7,0,13,0,8627,165,66,38,4,1,1,45,384.8,0
3,0,14,2,2547,39,24,17,3,1,1,30,199.44,0
0,0,7,0,4085,34,208,8,3,1,1,30,996.76,0
0,0,7,0,1182,13,0,5,2,1,1,25,53.775,1
